{
  "Player": "自我",
  "Animator": "动画选项",
  "PLAYER ANIMATIONS": "玩家动画",
  "Animations": "动画动作",
  "Clear Animations": "停止动画",
  "Angel dance": "天使舞",
  "Buttwag dance": "斗牛舞",
  "Celebrate": "庆祝",
  "Celebration": "庆典",
  "Celebration 2": "庆典 2",
  "Dance verse": "诗意舞",
  "Dog Pissing": "狗狗尿尿",
  "Dog sex": "狗狗爱爱",
  "Electrocution": "电刑",
  "Heaven dance": "天堂舞",
  "Hood dance": "风帽舞",
  "Mountain dance": "山巅舞",
  "Push-Ups ": "俯卧撑",
  "Pole dance": "钢管舞",
  "Pole dance 2": "钢管舞 2",
  "Pole dance 3": "钢管舞 3",
  "Sex giver": "老汉推车",
  "Sex receiver": "被老汉推车",
  "Shower": "沐浴",
  "Sit-Ups": "仰卧起坐",
  "Skrillex dance": "斯克里莱克斯舞",
  "Stripper dance": "脱衣舞",
  "Suicide Pill": "服药自尽",
  "Suicide Pistol": "比枪自毙",
  "Wave arms": "挥舞双手",
  "Wave 1": "摇摆 1",
  "Wave 2": "摇摆 2",
  "Wave 3": "摇摆 3",
  "Wave 4": "摇摆 4",
  "Wave 5": "摇摆 5",
  "Walkstyle": "行走风格",
  "PLAYER WALKSTYLES": "行走风格",
  "Burning": "自身着火",
  "Drunk (Male)": "醉酒（男）",
  "Flee": "迅速离开（男）",
  "Flee 2": "迅速离开 2（男）",
  "Flee 3": "迅速离开 3（男）",
  "Flee 4": "迅速离开 4（女）",
  "Flee 5": "迅速离开 5（女）",
  "Flee 6": "迅速离开 6（女）",
  "Generic Male (Default)": "初始男（默认）",
  "Generic Female (Default)": "初始女（默认）",
  "Hiking": "徒步旅行",
  "Hiking (Female)": "徒步旅行（女）",
  "Hiking (Male)": "徒步旅行（男）",
  "Intimidation": "恐吓",
  "Intimidation (Cop Unarmed)": "恐吓（如手无寸铁警察状）",
  "Intimidation (Unarmed)": "恐吓（手无寸铁）",
  "Moderately Drunk (Male)": "酩酊大醉（男）",
  "(2) Moderately Drunk (Male)": "酩酊大醉 2（男）",
  "Muscular": "满身肌肉",
  "Shady": "鬼鬼祟祟",
  "Shocked": "一脸懵逼",
  "Slightly Drunk (Male)": "酒微醺（男）",
  "Quick": "小碎步",
  "Very Drunk (Female)": "烂醉如泥（女）",
  "Very Drunk (Male)": "烂醉如泥（男）",
  "Scenario": "情景动画",
  "PLAYER SCENARIOS": "情景动画",
  "Clear Scenarios": "停止动画",
  "BBQ": "BBQ 豆",
  "Bench Press": "仰卧举重",
  "Binoculars": "双筒望远镜",
  "Cheer": "欢聚雀跃",
  "Coffee": "咖啡",
  "Coyote Howl": "郊狼嚎叫",
  "Coyote Rest": "郊狼休憩",
  "Coyote Wander": "郊狼漫步",
  "Drunk": "清酒入喉",
  "Drill": "钻孔",
  "Fishing": "垂钓",
  "Freeway Bum": "公路游民举牌",
  "Free Weights": "杠铃练习",
  "Golf": "高尔夫",
  "Grazing Boar": "放牧的猪",
  "Grazing Cow": "放牧的牛",
  "Hammering": "锤击",
  "Human Statue": "人形雕像",
  "Idle Jogger": "原地慢跑",
  "Janitor": "看管者",
  "Leaf Blower": "鼓风机",
  "Maid": "女仆",
  "Muscle Flex": "肌肉屈伸",
  "Musician": "吉他演奏",
  "Parking Attendant": "停车场服务员",
  "Party": "派对",
  "Rottweiler Bark": "罗特韦尔狗",
  "Shine Flashlight": "闪光手电筒",
  "Sleeping Bum": "睡懒汉",
  "Smoking": "吸烟",
  "Tennis": "网球",
  "Tourist Map": "旅行地图",
  "Welding": "焊接",
  "Yoga": "瑜伽",
  "Visions": "屏幕滤镜",
  "Default": "默认",

  "Models": "模型更改",
  "": "",
  "": "726 种模型",
  "": "",
  "Wardrobe": "衣柜选项",
  "Saved Outfits": "已保存服饰",
  "Random Outfit": "随机换装",
  "Add Rockstar Logo": "刻上 R 星标志",
  "Cop Outfit": "更换警察服饰",
  "Hair Color": "发色",
  "Props": "配饰",
  "Clear Face": "重置面部",
  "Face": "面部",
  "Face Variation": "面部变化",
  "Clear Glasses": "重置眼镜",
  "Glasses": "眼镜",
  "Glasses Variation": "眼镜变化",
  "Clear Ear Pieces": "重置耳部配饰",
  "Ear Pieces": "耳部配饰",
  "Ear Variation": "耳部变化",
  "Components": "主体",
  "Face variation": "面部变化",
  "Masks": "面具",
  "Masks variation": "面具变化",
  "Hair": "头发",
  "Hair variation": "头发变化",
  "Torso": "躯干",
  "Torso variation": "躯干变化",
  "Legs": "腿部",
  "Legs variation": "腿部变化",
  "Parachute / Misc": "降落伞/杂项",
  "Parachute / Misc variation": "降落伞/杂项变化",
  "Shoes": "鞋子",
  "Shoes variation": "鞋子变化",
  "Extra 1": "手腕",
  "Extra 1 variation": "手腕变化",
  "Tops 1": "上衣 1",
  "Tops 1 variation": "上衣 1 变化",
  "Body Armor": "防弹衣",
  "Body Armor variation": "防弹衣变化",
  "Crew Emblem": "帮会徽标",
  "Crew Emblem variation": "帮会徽标变化",
  "Tops 2": "上衣 2",
  "Tops 2 variation": "上衣 2 变化",
  "Save Outfit": "保存当前服饰",
  "Particle Effects": "粒子特效",
  "PTFX": "粒子特效",
  "Invincibility": "无敌",
  "Ignore Player": "NPC 无视玩家",
  "Never Wanted": "永不通缉",
  "Invisibility": "隐形",
  "Completely Invisible": "本地/线上",
  "Visible Locally": "仅本地",
  "Super Jump ": "大跳",
  "Ultra Jump": "超级跳",
  "Fast Run": "快速跑",
  "Walk On Water": "水上行走",
  "Walk On Air": "空中行走",
  "Slow Motion": "慢动作",
  "No Ragdoll": "永不摔倒",
  "Seatbelt": "安全带",
  "Easier Way Out": "自杀",
  "Shrink Player": "侏儒模式",
  "Clean Ped": "清洁自身",

  "Weapon": "武器",
  "Give Weapons": "获取武器",
  "GIVE WEAPON": "获取武器",
  "Give All Weapons": "给予所有武器",
  "Weapons List": "武器列表",
  "Melee": "近战武器",
  "MELEE": "近战武器",
  "Antique Cavalry Dagger": "古董骑兵匕首",
  "Baseball Bat": "棒球棒",
  "Broken Bottle": "酒瓶",
  "Crowbar": "撬棍",
  "Fist": "徒手",
  "Flashlight": "手电筒",
  "Golf Club": "高尔夫球杆",
  "Hammer": "铁锤",
  "Hatchet": "手斧",
  "Brass Knuckles": "手指虎",
  "Knife": "小刀",
  "Machete": "开山刀",
  "Switchblade": "弹簧刀",
  "Nightstick": "警棍",
  "Pipe Wrench": "管钳扳手",
  "Battle Axe": "战斗斧",
  "Pool Cue": "台球杆",
  "Stone Hatchet": "石斧",
  "Handguns": "手枪",
  "HANDGUNS": "手枪",
  "Pistol": "手枪",
  "Pistol Mk II": "Mk 2 手枪",
  "Combat Pistol": "战斗手枪",
  "AP Pistol": "穿甲手枪",
  "Stun Gun": "电击枪",
  "Pistol .50": "0.5 口径手枪",
  "SNS Pistol": "劣质手枪",
  "SNS Pistol Mk II": "Mk 2 劣质手枪",
  "Heavy Pistol": "重型手枪",
  "Vintage Pistol": "老式手枪",
  "Flare Gun": "信号枪",
  "Marksman Pistol": "射手手枪",
  "Heavy Revolver": "重型左轮手枪",
  "Heavy Revolver Mk II": "Mk 2 重型左轮手枪",
  "Double Action Revolver": "双动式左轮手枪",
  "Up-n-Atomizer": "原子能枪",
  "Ceramic Pistol": "陶瓷手枪",
  "Navy Revolver": "海军左轮手枪",
  "Perico Pistol": "佩里科手枪",
  "Submachine Guns": "冲锋枪",
  "SUBMACHINE GUNS": "冲锋枪",
  "Micro SMG": "微型冲锋枪",
  "SMG": "冲锋枪",
  "SMG Mk II": "Mk 2 冲锋枪",
  "Assault SMG": "突击冲锋枪",
  "Combat PDW": "作战自卫冲锋枪",
  "Machine Pistol": "冲锋手枪",
  "Mini SMG": "微型冲锋枪",
  "Unholy Hellbringer": "邪恶冥王",
  "Shotguns": "霰弹枪",
  "SHOTGUNS": "霰弹枪",
  "Pump Shotgun": "泵动式霰弹枪",
  "Pump Shotgun Mk II": "Mk 2 泵动式霰弹枪",
  "Sawed-Off Shotgun": "短管霰弹枪",
  "Assault Shotgun": "突击霰弹枪",
  "Bullpup Shotgun": "无托式猎枪",
  "Musket": "老式火枪",
  "Heavy Shotgun": "重型霰弹枪",
  "Double Barrel Shotgun": "双管霰弹枪",
  "Sweeper Shotgun": "冲锋霰弹枪",
  "Combat Shotgun": "战斗霰弹枪",
  "Assault Rifles": "突击步枪",
  "ASSAULT RIFLES": "突击步枪",
  "Assault Rifle": "突击步枪",
  "Assault Rifle Mk II": "Mk 2 突击步枪",
  "Carbine Rifle": "卡宾步枪",
  "Carbine Rifle Mk II": "Mk 2 卡宾步枪",
  "Advanced Rifle": "高级步枪",
  "Special Carbine": "特制卡宾枪",
  "Special Carbine Mk II": "Mk 2 特制卡宾枪",
  "Bullpup Rifle": "无托式步枪",
  "Bullpup Rifle Mk II": "Mk 2 无托式步枪",
  "Compact Rifle": "紧凑型步枪",
  "Military Rifle": "军用步枪",
  "Light Machine Guns": "轻机枪",
  "LIGHT MACHINE GUNS": "轻机枪",
  "MG": "机枪",
  "Combat MG": "战斗机枪",
  "Combat MG Mk II": "Mk 2 战斗机枪",
  "Gusenberg Sweeper": "古森柏冲锋枪",
  "Sniper Rifles": "狙击步枪",
  "SNIPER RIFLES": "狙击步枪",
  "Sniper Rifle": "狙击步枪",
  "Heavy Sniper": "重型狙击步枪",
  "Heavy Sniper Mk II": "Mk 2 重型狙击步枪",
  "Marksman Rifle": "射手步枪",
  "Marksman Rifle Mk II": "Mk 2 射手步枪",
  "Heavy Weapons": "重型武器",
  "HEAVY WEAPONS": "重型武器",
  "RPG": "火箭炮",
  "Grenade Launcher": "榴弹发射器",
  "Grenade Launcher Smoke": "烟雾弹发射器",
  "Minigun": "火神机枪",
  "Firework Launcher": "烟花发射器",
  "Railgun": "电磁步枪",
  "Homing Launcher": "制导火箭发射器",
  "Compact Grenade Launcher": "紧凑型榴弹发射器",
  "Widowmaker": "寡妇制造者",
  "Throwables": "投掷物",
  "THROWABLES": "投掷物",
  "Grenade": "手榴弹",
  "BZ Gas": "毒气弹",
  "Molotov Cocktail": "汽油弹",
  "Sticky Bomb": "黏弹",
  "Proximity Mines": "感应地雷",
  "Snowballs": "雪球",
  "Pipe Bombs": "土制炸弹",
  "Baseball": "球",
  "Tear Gas": "催泪瓦斯",
  "Flare": "信号弹",
  "MISCELLANEOUS": "其他武器",
  "Jerry Can": "汽油桶",
  "Parachute": "降落伞",
  "Fire Extinguisher": "灭火器",
  "Hazardous Jerry Can": "危害性汽油桶",
  "Triggerbot": "自动扳机",
  "Enable": "启用",
  "Target": "目标",
  "Peds": "NPC",
  "Players": "玩家",
  "All": "所有",
  "Type": "类型",
  "Aimbot": "自动瞄准",
  "Marker": "标记",
  "Impact Ammo": "弹药效果",
  "Nuke": "核弹",
  "Flame": "火焰",
  "Steam": "蒸汽",
  "GL Smoke": "天然气",
  "Explosion 1": "爆炸 1",
  "Explosion 2": "爆炸 2",
  "Visible": "可见",
  "Audible": "声音",
  "Damage Scale": "伤害系数",
  "Camera Shake": "屏幕抖动系数",
  "Bullet Mod": "魔改弹药",
  "Rpg": "火箭筒",
  "Firework": "烟花发射器",
  "Proximity Mine": "感应地雷",
  "Money Gun": "金钱枪",
  "Paper Bag": "纸袋",
  "Money Bag": "钱袋",
  "Dildo": "牛牛",
  "Gravestone": "坟墓",
  "Bong": "烟枪",
  "Guitar": "吉他",
  "Yoga Matress": "瑜伽垫",
  "Alien Egg": "外星人蛋",
  "Amount": "金额",
  "Explosive Ammo": "爆炸子弹",
  "Fire Ammo": "火焰子弹",
  "Weapons in Interiors": "室内可用武器",
  "Damage Multiplier": "伤害倍数",
  "Infinite Ammo": "无限弹药",
  "No Reload": "无需换弹",
  "Dead Eye": "死亡之眼",
  "Shrink Gun": "NPC 缩小枪",
  "Gravity Gun": "重力枪",
  "Teleport Gun": "传送枪",
  "Defibrillator": "实体复活枪",
  "Delete Gun": "实体删除枪",
  "Drive It Gun": "载具窃取枪",
  "drive_it_gun_description": "瞄准载具左键射出弹药后即可进入司机位",
  "Airstrike Gun": "空袭枪",
  "Suicide Gun": "NPC 自杀枪",
  "Rapid Fire": "快速射击",
  "Cartoon Effects": "卡通特效",
  "Aiming Laser": "瞄准激光",
  "Smoke": "烟雾",
  "Fireword": "烟花",
  "Gas": "瓦斯",
  "Smoke Grenade": "烟雾弹",
  "Molotov": "燃烧弹",
  "Snowball": "雪球",
  "Ball": "球",
  "Pipe Bomb": "土制炸弹",

  "Vehicle": "载具",
  "Mobile Los Santos Customs": "随身改车王",
  "Los Santos Customs": "改车王",

  "Fully Max Vehicle": "满改载具",
  "Mechanical Upgrades": "性能升级",
  "Aesthetical Upgrades": "外观升级",
  "Max Mechanical": "最大性能升级",
  "Engines": "引擎",
  "Level 0": "0 级",
  "Level 1": "1 级",
  "Level 2": "2 级",
  "Level 3": "3 级",
  "Level 4": "4 级",
  "Brakes": "刹车",
  "Transmissions": "变速箱",
  "Suspensions": "悬挂",
  "Armors": "防御",
  "Apply Turbo": "应用涡轮增压",
  "Tire Smoke Colors": "烧胎烟雾",
  "TIRE SMOKE COLORS": "烧胎烟雾",
  "Unknown": "未知",
  "Apply Xenon Lights": "应用氙气灯",
  "Max Aesthetics": "最大外观升级",
  "Spoilers": "尾翼",
  "Stock": "原厂",
  "Front Bumpers": "前保险杠",
  "Rear Bumpers": "后保险杠",
  "Sideskirts": "侧翼",
  "Exhausts": "排气管",
  "Chassises": "底座",
  "Grilles": "格栅",
  "Hoods": "座椅",
  "Fenders": "翼子板",
  "Rightfenders": "右翼子板",
  "Roofs": "车顶",
  "Custom Input": "自定义输入",
  "Search": "搜索",
  "Respray": "重新喷漆",
  "Enveff Scale": "环境效应系数",
  "Primary": "主色调",
  "PRIMARY RESPRAY": "主色调",
  "Secondary": "副色调",
  "SECONDARY RESPRAY": "副色调",
  "Pearlescent": "珠光",
  "PEARLESCENT RESPRAY": "珠光",
  "Wheels": "车轮",
  "WHEELS RESPRAY": "车轮",
  "Chrome": "铝合金",
  "Classic": "经典",
  "Click to apply edits!": "确认应用配置！",
  "Matte": "哑光",
  "Metal": "金属",
  "Custom": "自定义",
 
  "Lights": "车灯",  
  "LIGHTS": "车灯",
  "Rainbow Xen. Lights": "彩虹车灯",

  "Neons": "霓虹灯",
  "NEONS": "霓虹灯",
  "Left Side": "左侧",
  "Right Side": "右侧",
  "Front Side": "前方",
  "Back Side": "后方",
  "Rainbow Neons": "彩虹霓虹灯",

  "Spawn": "生成",
  "VEHICLE SPAWN": "生成",

  "Spawn in Vehicle": "生成后在载具中",
  "Seamless Transition": "无缝衔接",
  "Spawn Maxed": "生成时满改载具",
  "Add to Spawned list": "加入已生成载具列表",
  "Delete Current": "生成时删除当前载具",
  "Spawn in Air": "生成飞行载具时在空中",
  "Vehicle List": "载具列表",

  "Compacts": "小型汽车",
  "COMPACTS": "小型汽车",
  "Sports": "跑车",
  "SPORTS": "跑车",
  "Boats": "船",
  "BOATS": "船",
  "Sports Classics": "经典跑车",
  "SPORTS CLASSICS": "经典跑车",
  "Helicopters": "直升机",
  "HELICOPTERS": "直升机",
  "Planes": "飞机",
  "PLANES": "飞机",
  "Off-Road": "越野车",
  "OFF-ROAD": "越野车",
  "Muscle": "肌肉车",
  "MUSCLE": "肌肉车",
  "Vans": "厢型车",
  "VANS": "厢型车",
  "Sedans": "轿车",
  "SEDANS": "轿车",
  "SUVs": "SUV",
  "SUVS": "SUV",
  "Super": "超级跑车",
  "SUPER": "超级跑车",
  "Open Wheel": "开轮式",
  "OPEN WHEEL": "开轮式",
  "Motorcycles": "摩托车",
  "MOTORCYCLES": "摩托车",
  "Military": "军用车",
  "MILITARY": "军用车",
  "Commercial": "商业车",
  "COMMERCIAL": "商业车",
  "Service": "服务用车",
  "SERVICE": "服务用车",
  "Emergency": "救助载具",
  "EMERGENCY": "救助载具",
  "Utility": "公用事业用车",
  "UTILITY": "公用事业用车",
  "Coupes": "轿跑车",
  "COUPES": "轿跑车",
  "Industrial": "工业用车",
  "INDUSTRIAL": "工业用车",
  "Cycles": "自行车",
  "CYCLES": "自行车",

  "Custom Vehicles": "模组载具",
  "Custom vehicles (XML / INI / JSON) can be spawned with the custom vehicle spawner!": "此选项可生成 XML / INI / JSON 后缀格式的载具",

  "Spawned": "已生成载具",
  "SPAWNED VEHICLES": "已生成载具",
  "Add Vehicle To Spawned list": "将当前载具加入已生成载具列表",
  "Summon": "召回载具",
  "Summon & Drive": "召回并驾驶载具",
  "Drive": "驾驶载具",

  "XML Vehicles": "XML 载具",
  "XML LOADER": "XML 载具",
  "INI Vehicles": "INI 载具",
  "INI LOADER": "INI 载具",
  "JSON Vehicles": "JSON 载具",
  "JSON LOADER": "JSON 载具",

  "Tuning": "调节载具",
  "Keep Between Vehicles": "保持在所有载具上",
  "Max Speed": "最大速度",
  "Power": "加速度",
  "Torque": "扭矩",

  "Acrobatics": "载具杂技",
  "ACROBATICS": "载具杂技",
  "Frontflip": "前空翻",
  "Backflip": "后空翻",
  "Heelflip": "右空翻",

  "Horn Boost": "鸣笛助推",
  "Insane": "疯狂",
  "Regular": "正常",
  "Screen Effect": "视觉特效",
  "Instant Stop": "瞬间停车",
  "Speed": "速度",

  "Speedometer": "速度计",
  "Imperial": "英里制",
  "Metric": "公里制",

  "Keep Engine On": "保持引擎开启",
  "Auto Flip": "自动翻转",
  "No Collisions": "无碰撞体积",
  "Phase Through": "超强抓地力",
  "Reduce Grip": "降低抓地力",
  "Auto Fix": "自动修理",
  "Personal Vehicles": "个人载具",
  "Rainbow Paint": "彩虹渐变涂装",
  "Smokey Cycle": "彩虹烧胎烟雾",
  "Anti-Lock on": "防抱死系统",
  "Prevent your vehicle from being targeted by players": "防止你的车辆被玩家盯上",
  "Clone Vehicle": "克隆载具",
  "Fix Vehicle": "修理载具",
  "Delete Vehicle": "删除载具",
  "Make it Dirty": "弄脏载具",
  "Burn Shell": "烧焦外壳",
  "Un-burn Shell": "移除烧焦外壳",
  "Set On Ground": "放置在地上",

  "Spawner": "生成",
  "Spawned Objects": "已生成实体",
  "Teleport to Me": "传送到我身边",
  "Teleport to Origin": "传送到初始位",
  "Teleport to!": "传送到他！",
  "Position - X": "X 坐标",
  "Position - Y": "Y 坐标",
  "Position - Z": "Z 坐标",
  "Rotation - Pitch": "俯仰角",
  "Rotation - Roll": "侧倾角",
  "Rotation - Yaw": "偏航角",
  "Freeze Position": "冻结在原位",

  "Vehicles": "载具",
  "Vehicle Spawning Settings": "生成设置",
  "VEHICLES SETTINGS": "生成设置",
  "Spawn Invincible": "生成时隐形",
  "Spawn Frozen": "生成时冻结",
  "Ped Spawning Settings": "生成设置",
  "PEDS SETTINGS": "生成设置",
  "Spawn Invincible Peds": "生成隐形 NPC",
  "Input Custom Ped": "自定义输入 Ped 名",
  "Objects": "物体",
  "Input Custom Object": "自定义输入物体名",
  "Flags": "旗帜",
  "Map Mods": "地图",
  "Creator Mode": "造物模式",
  "Add Blip": "添加标记点",
  "Add a blip on spawned objects.": "标记生成的实体",
  "Clear Spawned Objects": "移除已生成实体",

  "Draw Marker": "绘制生成点位",
  "Draw a marker where the object might be spawning.": "在实体可能生成地点绘制标记", 
  "Stay Invisible": "保持隐身状态",
  "Keeps you invisible while in creator mode.": "当进入造物模式时保持隐身状态",
  "Attack Mode": "轰炸生成点位",
  "Spawn explosions where objects should spawn with left mouse button.": "鼠标左击可在实体生成处引发爆炸",
  "Delete mode": "实体删除模式",
  "Delete objects you are looking at with your right mouse button.": "鼠标右击你所对着的实体可使其删除",
  "Effective Distance": "最大点位距离",
  "Maximum distance at which to start spawning objects.": "开始生成实体的最大有效距离",

  "Teleport": "传送",
  "TELEPORT": "传送",
  "Transition Animation": "过渡动画",
  "Auto Teleport to Waypoint": "自动传送到导航点",
  "Teleport to Waypoint": "传送至导航点",
  "Teleport to Objective": "传送至目标点",
  "Save Current Location": "保存当前地点",
  "Saved Locations": "保存的地点",
  "Indoors": "室内",
  "INDOORS": "室内",
  "Outdoors": "室外",
  "OUTDOORS": "室外",
  "Stores": "商店",
  "STORES": "商店",
  "LOS SANTOS CUSTOMS": "改车王",
  "Airports": "机场",
  "AIRPORTS": "机场",
  "Ammunation": "军火商",
  "AMMUNATION": "军火商",
  "Clothes Shop": "服装店",
  "CLOTHES SHOP": "服装店",
  "Tattoo Shop": "纹身店",
  "TATTOO SHOP": "纹身店",
  "Barber Shop": "理发店",
  "BARBER SHOP": "理发店",
  "Extras": "额外地点",
  "EXTRAS": "额外地点",

  "World": "世界",
  "Bodyguard Manager": "保镖管理",
  "BODYGUARD OPTIONS": "保镖管理",
  "Spawned Bodyguards": "已生成保镖",
  "Ped": "NPC",
  "Stungun": "电击枪",
  "Machette": "开山刀",
  "Health": "血量",
  "Regular Health": "常规血量",
  "Double Health": "双倍血量",
  "Extended Health": "更多血量",
  "Godly Health": "神的血量",
  "Formation": "编队",
  "Circle (Inward)": "圈状(向内)",
  "Circle (North)": "圈状(向北)",
  "Line": "线状",
  "Player Clone": "克隆自己",
  "Spawn It!": "生成它！",
  "Traffic Manager": "交通管理",
  "Chaos": "混乱",
  "Freeze": "冻结",
  "Unfreeze": "取消冻结",
  "Explode": "爆炸",
  "Kill Driver": "杀死司机",
  "Launch": "向上弹射",
  "Boost": "向前助推",
  "Kickflip": "左空翻",
  "Delete": "移除",
  "Push Away": "推开",
  "Fully Tune": "满改",
  "Random Paint": "随机涂装",
  "Fix": "修理",
  "Drive to Player": "驶向自己",
  "Negative Gravity": "负重力",
  "Normal Gravity": "正常重力", 

  "Density Manager": "密度管理",
  "Override Ped Density": "NPC",
  "Override Vehicle Density": "载具",
  "Ped Density": "NPC密度",
  "Vehicle Density": "载具密度",

  "Time Manager": "时间管理",
  "TIME": "时间管理",
  "Add Hour": "前推一小时",
  "Remove Hour": "倒退一小时",
  "Freeze Time": "冻结时间",
  "Sync with System Time": "与系统时间同步",
  "Timescale": "游戏速度",

  "Local Weather Manager": "天气管理",
  "Clear": "晴",
  "Clearing": "太阳雨",
  "Neutral": "沙尘雨",
  "Extra Sunny": "阳光明媚",
  "Rain": "雨",
  "Smog": "烟雾",
  "Snow": "小雪",
  "Xmas": "圣诞节",
  "Halloween": "万圣节",
  "Snowlight": "雪光",
  "Blizzard": "暴雪",
  "Thunder": "雷雨",
  "Overcast": "阴天",
  "Foggy": "雾霾",

  "Clouds Manager": "云层管理",
  "Cloudy": "多云",
  "Horizon Band 1": "水平带 1",
  "Horizon Band 2": "水平带 2",
  "Horizon Band 3": "水平带 3",
  "Puffs": "层云",
  "Wispy": "束状云",
  "Horizon": "地平线",
  "Stormy": "暴雪云",
  "Snowy": "雪云",
  "Contrails": "航迹云",
  "Altostratus": "高层云",
  "Nimbus": "雨云 2",
  "Cirrus": "卷云",
  "Cirrocumulus": "卷积云",
  "Stratoscumulus": "层积云",
  "Stripey": "条纹云",
  "Horsey": "匹状云",
  
  "Sky Editor": "天空编辑",
  "Edit Type": "编辑类型",

  "Waypoint Options": "导航点选项",
  "Waypoint Manager": "导航点管理",
  "Waypoint Explosions": "持续爆炸",
  "Waypoint Money Pickups": "持续掉钱袋",
  "Send Police to Waypoint": "派警察前往导航点",

  "Clear Area": "清除区域",
  "Clear Everything": "清除一切",
  "Clear Peds": "清除所有 Ped",
  "Clear Vehicles": "清除所有载具",
  "Clear Objects": "清除所有物体",
  "Clear Cops": "清除所有警察",

  "Rain Intensity": "雨水强度",
  "Lightning Storm": "闪电风暴",
  "Meteor Shower": "陨石雨",
  "Teleport nearby vehicles to sea": "将附近载具传送到海上",
  "Kick nearby driving players": "踢出附近驾驶中的玩家",
  "Split the Sea": "分离周围海水",
  "Gravity": "重力",
  "Normal": "正常",
  "Low": "低",
  "Lower": "更低",
  "Off": "无",

  "Network": "在线",
  "Player List": "玩家列表",
  "Spectate": "观看",
  "Click to apply!": "点击应用!",
  "Spectate Distance": "观看距离",

  "Teleports": "传送",
  "Teleport Player To": "传送玩家到资产",
  "Teleport To!": "传送到玩家处",
  "Teleport in player's vehicle!": "传送进玩家载具中",
  "Teleport player's vehicle here!": "将玩家载具传送到身边",
  "Teleport in range": "传送范围",

  "Peaceful": "友好",
  "Attachment": "附加",
  "You to Them": "你到他身上",
  "You to Their Vehicle": "你到他的载具",
  "Your Vehicle to Their Vehicle": "你的载具到他的载具",
  "Relative position": "连接位置",
  "Front": "前方",
  "Back": "后方",
  "Left": "左侧",
  "Right": "右侧",
  "Top": "顶部",
  "Relative distance": "连接距离",
  "Their Vehicle to Your Vehicle": "他的载具到你的载具",
  "Attach": "附加",
  "Detach": "分离",

  "Clone Bodyguard": "克隆保镖",
  "Heal": "给予急救包",
  "Make Bulletproof": "给予防弹衣",
  "Copy Outfit": "复制服饰",
  "Copy Outfit & Character Model": "复制服饰与玩家模型",

  "Griefing": "恶搞",
  "Presets": "预设",

  "Sounds": "噪音攻击",
  "Earrape (Loud)": "爆音（嘈杂）",
  "Drop the bass!": "把贝斯扔了（来点节奏吧）",

  "Disable Actions": "限制行动",
  "Disable Weapons": "禁止使用武器",
  "Disable Vehicles": "禁止进入载具",
  "Disable Interiors": "禁止进入室内",

  "Single Click": "单次袭击",
  "Attackers Amount": "袭击者数量",
  "Send attackers": "发送袭击者", 
  "Glitch Player": "使其故障", 
  "Kill": "击杀", 
  "Blame Lobby Kill": "栽赃屠局", 
  "Silent Kill": "无声击杀", 
  "Ram with Vehicle": "载具冲撞", 
  "Hostile Clone": "克隆敌人", 
  "Attack with SWAT": "特警袭击", 
  "Attack with Jet": "飞机袭击", 
  "Attack with Explosive Vehicle": "自爆车辆袭击", 
  "Send Airstrike": "发送空袭", 
  "Ragdoll": "布娃娃炸", 
  "Attach Burning Campfire": "附加燃着篝火", 
  "Karma": "因果报应",
  "Kill players that kill you": "杀死杀死你的玩家.\n可能要关掉你的无敌.",
  "Explode Loop": "持续爆炸",
  "Clone Crash": "克隆崩溃",
  "Water Spam": "持续喷水",
  "Fire Spam": "引火上身",
  "Electrocute": "遭受电击",
  "Hostile Traffic": "敌意载具",
  "Hostile Peds": "敌意 NPC",
  "Rain Rockets": "导弹雨",
  "Shake Camera": "摇晃视角",
  "Forcefield": "力场爆炸",
  "Freeze In Place": "冻结定身",
  "Smoke Spam": "迷雾轰炸",
  "Fake Money Drop": "掉落假钱",
  "Lag Particles": "掉帧打击",

  "Give Horn Boost": "给予鸣笛助推",
  "Give Vehicle Godmode": "给予载具无敌",
  "Remove Vehicle Godmode": "移除载具无敌",
  "Kick from Vehicle": "踢出载具",
  "Kick from Vehicle Loop": "持续踢出载具",
  "Launch Vehicle": "配备火箭筒",
  "Slingshot Vehicle": "配备机枪",
  "Boost Vehicle": "向前助推",
  "Stop Vehicle": "刹车",
  "Freeze Vehicle": "冻结车辆",
  "Un-Freeze Vehicle": "取消冻结车辆",
  "Rotate Vehicle": "翻转车辆",
  "Kill Engine": "损坏引擎",
  "Revive Engine": "重启引擎",
  "Burst Tires": "爆胎",
  "Lock Doors": "锁住车门",
  "Unlock Doors": "解锁车门",
  "Fully Tune Vehicle": "满改载具",
  "Front Flip": "前空翻",
  "Back Flip": "后空翻",
  "Kick Flip": "左空翻",
  "Heel Flip": "右空翻",
  "Bunny Hop": "兔子跳",

  "Remote": "远程",
  "Kicks": "踢出玩家",
  "Fake Notifications": "虚假通知",
  "Fake Messages": "虚假消息",
  "Fake Money Messages": "金钱消息",
  "Force Into Mission": "强制任务",
  "Globals": "请求选项",
  "CEO": "CEO选项",
  "Sound Spam": "噪音轰炸",
  "Unlimited Orbital Cannon": "天基炮无冷却",
  "Transaction Error Loop": "持续交易错误",
  "Lock Camera Forward": "锁定视角向前",
  "Gentle Vehicle Kick Loop": "循环踢出载具",
  "Gentle Vehicle Kick": "踢出载具",
  "Transaction Error": "交易错误",
  "Black Screen": "黑屏",
  
  "Streamer Mode": "主播模式",
  "Enter Prefix:": "输入前缀",
  "Anonymize Names": "隐藏名称",
  "Anonymize RIDs": "隐藏RID",
  "Anonymize IPs": "隐藏IP",
  "Switch Sessions!": "更换战局",

  "Desync Kick": "取消同步踢",
  "Bail Kick": "踢到线下",
  "Freemode Crash Kick": "自由模式崩溃踢出",
  "Singleplayer Kick": "踢到单人模式",
  "Host Kick": "战局主机",
  "Script Host Kick": "脚本主机踢",
  "Only works if you're the session host.": "仅当你为战局主机时生效",
  "Show Notification Banner": "通知横幅",
  "Insurance Message": "保险消息",
  "Spectating Message": "观看消息",
  "Armorerd truck": "袭击了一辆装甲运钞车",
  "Easy way out": "选择了轻松的方式解脱",
  "Smuggler Plane": "打下了走私飞机",
  "You have entered the .": "已进入",
  "You delivered a bag of cash": "运送了一袋现金",
  "Mugger $1": "被打劫了 $1",
  "Added to your wanted level": "被你设置了一个通缉等级",
  "Off the radar": "您将您的标记点隐藏了 1 分钟",
  "The king": "杀死了城堡之王",
  "Revealed all players": "您在 1 分钟内可看到其他玩家的位置",
  "Reason": "原因",
  "Banked money": "{金额} 已存入银行",
  "Stolen money": "{金额} 已被窃取",
  "Removed money": "{金额} 已被移除",
  "Send!": "发送！",
  "Weather Mission": "恶劣天气形态",
  "Exit Strat Mission": "撤退策略",
  "Cover Blown Mission": "行迹败露",
  "Mole Hunt Mission": "猎杀叛徒",
  "Data Breach Mission": "数据泄露",
  "Work Dispute Mission": "工作纠纷",
  "Off The Radar": "雷达隐匿",
  "Cops Turn Blind Eye": "贿赂当局",
  "Always Wanted": "始终五星通缉",
  "CEO Kick Loop": "循环踢出 CEO",
  "CEO Kick": "踢出 CEO",
  "CEO Ban": "禁用 CEO",

  "Drops": "掉落",
  "Model": "模型",
  "Drop Types": "掉落类型",
  "Delay": "延迟",
  "Height": "高度",
  "Radius": "半径",
  "Active": "开始掉落",
  "Snacks": "零食",
  "Armour": "防弹衣",
  "Parachutes": "降落伞",
  "Ammunition": "弹药",
  "Vehicle Health": "载具血包",
  "Vehicle Armour": "载具护甲",
  
  "Crash Session": "崩溃战局",

  "Synced": "同步",
  "Toggling this off will make it so the player's game cannot interfere with yours anymore.": "关闭此选项将会停止与此玩家的同步",
  "Show profile": "显示个人档案",
  "Master Kick": "踢出",
  "Executes all available kicks on the target.": "对目标执行所有可供使用的踢出",
  "Crash": "崩溃",
  "It's preferrable to kick players, crashing might cause instability. Stay far away.": "最好使用踢出的方式移除玩家\n崩溃可能会造成一些不稳定现象\n请远离目标玩家",


  "All Players": "所有玩家",
  "ALL PLAYERS TELEPORT": "所有玩家传送到", 
  "ALL PLAYERS PEACEFUL": "友好", 
  "ALL PLAYERS GRIEFING": "恶搞", 
  "ALL PLAYERS VEHICLE": "载具", 
  "ALL PLAYERS SPAWN": "生成", 
  "Remotes": "远程",
  "ALL PLAYERS REMOTE": "远程",
  "ALL PLAYERS DROPS": "掉落", 
  "Eclipse Towers Trap": "日蚀大厦陷阱",  
  
  "Script Features": "脚本功能",
  
  "Profiling": "监管选项",

  "Overseer": "监管系统",
  "REBOUND OVERSEER": "监管系统",
  "Add to Rebound Overseer": "添加到监管系统",
  "Copy Rockstar ID": "复制R星ID到剪贴板",
  "Save info as profile": "保存信息到配置",
  "Add Player": "添加玩家",
  "Profile Name: ": "配置文件名",
  "Rockstar ID": "R星ID",
  "Add!": "添加！",
  "Click on this option to copy the player's Rockstar ID in your clipboard.": "点击此选项会将R星ID复制到你剪贴板上",
  "Notify Online Status": "通知在线状态",
  "Send a notification whenever the player goes online / offline.": "此玩家在/离线时通知",
  "Delete!": "删除！",

  "Info Spoofer": "虚假信息",
  "Spoof data other people can see about you.": "伪装你的游戏数据",
  "General": "常规",
  "GENERAL INFO SPOOFER": "常规信息",
  "Level / Rank": "等级",
  "Character XP": "经验",
  "Wallet Money": "现金",
  "Bank Money": "存款",

  "ROCKSTAR ID SPOOFER": "R星ID",
  "First Instance": "一",
  "Second Instance": "二",

  "Host Token": "主机令牌",
  "HOST SPOOFER": "主机令牌",
  "Value": "值", 

  "IP Address": "IP 地址",
  "IP SPOOFER": "IP 地址",


  "First byte": "IP段 1",
  "Second byte": "IP段 2",
  "Third byte": "IP段 3",
  "Fourth byte": "IP段 4",
  "Port": "端口",
  "Current IP: ": "当前 IP 地址：",

  "Ratios": "K/D比",
  "RATIOS INFO SPOOFER": "K/D比",
  "K/D Ratio": "K/D比",
  "Kills": "击杀数",
  "Deaths": "死亡数",

  "Jobs": "差事",
  "JOBS INFO SPOOFER": "差事",
  "Races": "总比赛",
  "RACES INFO SPOOFER": "总比赛",
  "Team Deathmatches": "团队死斗",
  "TDM INFO SPOOFER": "团队死斗",
  "TDM Wins": "团队死斗胜场",
  "TDM Losses": "团队死斗负场",
  "Deathmatches": "死斗",
  "DM INFO SPOOFER": "死斗",
  "DM Wins": "死斗胜场",
  "DM Losses": "死斗负场",
  "Tennis": "网球赛",
  "TENNIS INFO SPOOFER": "网球赛", 
  "Tennis Wins": "网球胜场", 
  "Tennis Losses": "网球负场", 
  "Golf": "高尔夫赛",
  "GOLF INFO SPOOFER": "高尔夫赛",
  "Shooting Ranges": "靶场赛",
  "S. RANGE INFO SPOOFER": "靶场赛",
  "S. Range Wins": "靶场胜场",
  "S. Range Losses": "靶场负场",

  "MISC. INFO SPOOFER": "其他",
  "Created SC Missions": "发起的差事数",
  "Spoof how many missions you created and published on the social club": "伪装通过 Social Club 发起与发布的差事数",
  "Favorite Radio Station": "最喜爱的电台",
  "Spoof what your favorite radio station is.": "伪装你最喜欢的电台",  
  "Can Spectate": "可以旁观",
  
  "SPOOFER PROFILES": "虚假信息配置",
  "Profiles": "配置",
  "Load Profile": "配置列表",
  
  "Rebound Overseer": "玩家监管",
  "": "",
  "": "",
  "": "",
  "": "",

  "Enable the spoofer and broadcast the information changes.": "应用虚假信息并使他人看到效果",

  "Name Changer": "虚假名称",
  "Apply!": "应用！",
  "Enter name: ": "输入虚假名称：",
  "Styles": "风格",
  "White": "白色",
  "~r~Red": "~r~红色",
  "~b~Blue": "~b~蓝色",
  "~g~Green": "~g~绿色",
  "~y~Yellow": "~y~黄色",
  "~p~Purple": "~p~紫色",
  "~o~Orange": "~o~橙色",
  "~c~Grey": "~c~灰色",
  "~m~Darker Grey": "~m~深灰",
  "~u~Black": "~u~黑色",
  "~bold~Bold": "~bold~加粗",
  "~italic~Italic": "~italic~斜体",
  "New Line": "换行",

  "Rockstar ID Joiner": "战局追踪",
  "Join!": "加入！",
  "Rockstar ID": "R星ID",

  "Session Switcher": "启动战局",
  "Join Public Session": "加入公开战局",
  "New Public Session": "创建新的公开战局",
  "Closed Crew Session": "创建私人帮会战局",
  "Crew Session": "创建公开帮会战局",
  "Closed Friend Session": "创建好友战局",
  "Find Friend Session": "寻找好友战局",
  "Solo Session": "创建非单人战局",
  "Invite Only Session": "创建邀请战局",
  "Join Crew Session": "寻找帮会战局",
  "Leave GTA Online": "离开线上",

  "Chat": "聊天系统",
  "CHAT MODS": "聊天系统",
  "Stop Censorship": "绕过屏蔽词限制",
  "Removes rockstar's filter of censored words.": "移除 R 星的屏蔽词过滤器",
  "Commands": "聊天命令",
  "CHAT COMMANDS": "聊天命令",
  "Spammer": "聊天轰炸",
  "CHAT SPAMMER": "聊天轰炸",
  "Impersonate": "冒充他说话",
  "Enable Chat Commands": "开启聊天命令",
  "RP Drop": "掉落经验",
  "Weapons": "武器",
  "Spawn Vehicle": "生成载具",
  "Spawn Ped": "生成NPC",
  "Spawn Bodyguard": "生成保镖",
  "Spawn Object": "生成物体",
  "Silent Kill Session": "无声击杀战局",
  "Message (Read Tooltip)": "消息 (阅读提示)",
  "Spam": "轰炸",
  "Isn't reboundcheats.org the fucking best? Join at discord.rebound.one": "Rebound官网没有提示?\n加入Rebound的Discord服务器!\ndiscord.rebound.one",
  "": "",
  "": "",

  "Disables": "禁用选项",
  "Disable Notifications": "禁用游戏通知",
  "Disable Stunt Jump Cutscenes": "禁用特技跳伞动画",
  "Disable Recordings": "禁用录制系统",
  "Disable HUD": "禁用 HUD",
  "Disable Cinematics": "禁用电影特效",
  "Disable Idle Kick": "禁用挂机踢出",
  "Disable SP Vehicle Kick": "禁用故事模式载具踢出",
  "Disables kicking you out of multiplayer only vehicles in singleplayer.": "禁用在线下驾驶仅供线上使用的载具导致的踢出",
  "Disable Phone": "完全禁用手机",
  "Disable Phone If Menu Open": "使用菜单时禁用手机",

  "Excludes": "排除选项",
  "Exclude Self": "排除自己",
  "Exclude Friends": "排除好友",
  "Exclude Modders": "排除作弊者",

  "Developer Mode": "开发者模式",
  "Force Session Host": "强制战局主机",
  "Will constantly attempt forcing session host by spoofing your host token and kicking the current host.": "更改你的主机令牌使你的主机排序靠前\n并踢出当前主机使你成为主机",
  "Force Script Host": "强制脚本主机",
  "Will constantly force the script host on you.": "强制你为脚本主机  有快速下云效果",

  "Recovery": "恢复",
  "Recovery has been risky in the past. Although Rebound's methods have been thoroughly tested and are proven to be safe, it is unadvisable to use recovery features on accounts you care about.": "恢复一如既往存在风险\n尽管Rebound的方法已经过测试并且是安全的\n但在你重视的账户上使用恢复并不明智\n请自担风险.",
  "Crew Level / Game Rank": "等级",
  "RANK": "等级",
  "RP Increaser": "持续获取经验 [重复消星]",
  "Set Rank (RP Gift)": "设置玩家等级 [0-8000]",
  "Set Crew Rank": "设置帮会等级",
  "Set LSCM Rank": "设置车友会等级 [0-1000]",

  "Money": "金钱",

  "Heist Editor": "抢劫助手",
  "Cayo Perico": "佩里科岛抢劫",
  "CAYO PERICO": "佩里科岛抢劫",
  "Apply Edits!": "应用更改！",
  "Enable Hard Mode": "启用困难模式",
  "Complete all Preps": "完成全部前置任务",
  "Custom Payout": "自定义支出",
  "Primary Target": "主要目标",
  "CAYO TARGETS": "主要目标",
  "Tequila (900k | 990k)": "西西米托龙舌兰 (90 万 | 99 万)",
  "Bearer Bonds (1.1m | 1.21m": "不记名债券 (110 万 | 121 万)",
  "Ruby Necklace (1m | 1.1m)": "红宝石项链 (100 万 | 110 万)",
  "Pink Diamond (1.3m | 1.43m)": "粉钻 (130 万 | 143 万)",
  "Madrazo Files (1.2m | 1.2m)": "玛德拉索文件 (120 万 | 120 万)",
  "Sapphire Panther (1.9m | 2.1m)": "猎豹雕像 (190 万 | 210 万)",
  "Weapon Set": "武器装备",
  "CAYO WEAPONS": "武器装备",
  "Aggressor": "侵略者 (连发散弹 | 连发手枪 | 手雷..)",
  "Conspirator": "阴谋者 (军用步枪 | 手枪 | 黏弹..)",
  "Crackshot": "神枪手 (轻狙 | 连发手枪 | 燃烧瓶..)",
  "Saboteur": "破坏者 (MK2冲锋枪 | 手枪 | 土质炸弹..)",
  "Marksman": "神射手 (MK2突击步枪 | 手枪 | 土质炸弹..)",
  "Optional": "可选项",
  "Trojan Locations": "运货卡车位置",
  "TROJAN LOCATIONS": "运货卡车位置",
  "Spot Trojan": "解锁运货卡车",
  "Air Strip": "机场",
  "North Dock": "北船坞",
  "Main Dock (Further)": "主码头 - 远",
  "Main Dock (Closer)": "主码头 - 近",
  "Near Compound": "混合粉",
  "Disrupt Weapons": "干扰 - 武器",
  "Disrupt Air Support": "干扰 - 空中支援",
  "Disrupt Armor": "干扰 - 防弹衣",
  "Spot All Bolt Cutters": "解锁 - 螺栓切割器",
  "Spot All Uniforms": "解锁 - 保安制服",
  "Spot All Grappling Hooks": "解锁 - 抓钩",

  "Diamond Casino": "名钻赌场抢劫",
  "CASINO HEIST": "名钻赌场抢劫",
  "Approach": "抢劫方式",
  "APPROACH": "抢劫方式",
  "Silent & Sneaky (Stealth)": "隐迹潜踪",
  "The Big Con (Trickery)": "兵不厌诈",
  "Aggressive (Blunt)": "气势汹汹",
  "Cash": "现金",
  "Gold": "黄金",
  "Art / Paintings": "艺术品",
  "Diamonds": "钻石",
  "Mandatory Preps": "必选前置",
  "MANDATORY PREPS": "必选前置",
  "Set Keycard Level": "门禁卡等级",
  "Scope Vault": "检查金库内容",
  "Get Main Keycard": "获取主门禁卡",
  "Get Weapons": "获取武器",
  "Get Vehicles": "获取载具",
  "Get Hacking Device": "获取骇入设备",
  "Unlock Drones": "解锁纳米无人机",
  "Get Laser Drills": "获取电钻",
  "Get Drills": "获取金库钻孔机",
  "Get Explosives": "获取金库炸药",
  "Get Charges": "获取热能炸药",
  "Geometric": "几何图形",
  "Hunter": "猎人",
  "Oni": "半鬼",
  "Emoji": "Emoji 表情",
  "Skull": "华丽头骨",
  "Fruits": "幸运水果",
  "Guerrilla": "大猩猩",
  "Clown": "小丑",
  "Animal": "动物",
  "Riot": "防暴",
  "Full Oni": "怪物",
  "Hockey": "曲棍球",

  "Optional Preps": "可选前置",
  "OPTIONAL PREPS": "可选前置",
  "Armor Level": "装甲等级",
  "Disruptions Level": "干扰等级",
  "Scope Shpiment Routes": "完成巡逻路线任务",
  "Destroy Duggan Shipments": "摧毁杜根货物",
  "Get Infiltration Suits": "获取潜入套装",
  "Get EMP": "获取电磁脉冲设备",
  "Setup Gunmen Decoy": "设置枪手诱饵",
  "Prepare Clean Vehicles": "配备崭新载具",
  "Bugstars I": "除虫大师 1",
  "Bugstars II": "除虫大师 2",
  "Maintenance I": "洛圣都水电公司 1",
  "Maintenance II": "洛圣都水电公司 2",
  "Gruppe Sechs I": "古倍科技 1",
  "Gruppe Sechs II": "古倍科技 2",
  "Yung Ancestors I": "名人 1",
  "Yung Ancestors II": "名人 2",
  "Noose Diguise": "获取国安局装备",
  "Firefighter Disguise": "获取消防员装备",
  "High Roller Disguise": "获取豪赌客装备",
  "Boring Machine": "完成镗床任务",

  "Hacker": "黑客选择",
  "HACKER": "黑客选择",
  "Rickie Lukens": "里奇·卢肯斯（分红 3 %）",
  "Christian Feltz": "克里斯汀·费尔兹（分红 7 %）",
  "Yohan Blair": "尤汗·尤莱尔（分红 5 %）",
  "Avi Schwatzman": "阿维·施瓦茨曼（分红 10 %）",
  "Page Harris": "佩奇·哈里斯（分红 9 %）",

  "Gunman & Weapon Loadout": "枪手 & 武器类型",
  "GUNMAN & LOADOUT": "枪手 & 武器类型",
  "Karl Abolaji": "卡尔·阿不拉季（分红 5 %）",
  "Gustavo Mota": "古斯塔沃·莫塔（分红 9 %）",
  "Charlie Reed": "查理·里德（分红 7 %）",
  "Patrick McReary": "帕里克·麦克瑞利（分红 8 %）",
  "Weapon Loadouts": "武器类型",

  "Driver & Getaway Vehicles": "车手 & 逃亡载具",
  "DRIVER & VEHICLES": "车手 & 逃亡载具",
  "Karim Deniz": "卡里姆·登茨（分红 5 %）",
  "Talian Martinez": "塔里娜·马丁内斯（分红 7 %）",
  "Eddie Toh": "淘艾迪（分红 9 %）",
  "Zach Nelson": "扎克·尼尔森（分红 6 %）",
  "Chester McCoy": "切斯特·麦考伊（分红 10 %）",
  "Getaway Vehicles": "逃亡载具",
  "Retinue MK II": "随行者 MK II",
  "Drift Yosemite": "漂移约塞米蒂",
  "Sugoi": "斯国一",
  "Jugular": "扼喉",

  "Unlocks": "解锁内容",
  "Individual Research": "单地堡研究",
  "INDIVIDUAL RESEARCH": "单地堡研究",
  "Research Index": "研究 ID",
  "Unlock!": "解锁！",
  "Unlock Tattoos": "解锁纹身",
  "Unlock Clothing": "解锁服装",
  "Unlock Exclusive Shirts": "解锁独家衬衫",
  "Unlock Vehicle Mods": "解锁载具配件",
  "Unlock Hairstyles": "解锁发型",
  "Unlock Heists": "解锁抢劫内容",
  "Unlock Weapon Skins": "解锁武器皮肤",
  "Unlock Camos & Parachutes": "解锁迷彩服 & 降落伞",
  "Unlock Achievements & Stats": "解锁成就 & 统计数据",
  "Unlock All Bunker Research": "解锁所有地堡研究",

  "Stats": "统计数据",
  "Stats Editor": "角色技能",
  "Stamina": "体力", 
  "Strength": "力量", 
  "Lung Capacity": "肺活量", 
  "Driving": "驾驶技能", 
  "Flying": "飞行技能", 
  "Shooting": "射击技能", 
  "Stealth": "潜行", 
  "Max All Stats": "角色技能全满",
  "Max Stamina": "最大体力",
  "Max Strength": "最大力量",
  "Max Lung Capacity": "最大肺活量",
  "Max Driving": "最大驾驶技能",
  "Max Flying": "最大飞行技能",
  "Max Shooting": "最大射击技能",
  "Max Max Stealth": "最大潜行",
  "Max Stealth": "最大潜行",
  "Max Lungs": "最大肺活量",
  "Max Fireworks": "最大烟花",
  "Max Armor": "最大护甲",
  "Max Snacks": "最大零食",
  "Max Club Popularity": "最大夜总会人气",
  "Unlock Camo Parachutes": "解锁迷彩降落伞",
  "Achieve All Achievements": "实现所有成就",
  "CEO Money Clutter": "办公室堆满钱",
  "Biker Money Clutter": "摩托帮堆满钱",
  "Complete Bunker Research": "解锁地堡研究",
  "No profiles found!": "未找到配置!",
  "Create Profile!": "创建配置!",

  "Playtime Editor": "游玩时长编辑",
  "PLAYTIME EDITOR": "游玩时长编辑",
  "Days": "日",
  "Hours": "时",
  "Minutes": "分",
  "Seconds": "秒",

  "Unlock High Club Popularity": "解锁夜总会最高人气",
  "Unlock Biker Club Clutter": "解锁摩托帮货物",
  "Unlock CEO Office Money Clutter": "解锁办公室满地钱",
  "Bypass Tutorial": "跳过线上教程",
  "Redesign Character": "重新设计角色",
  "Change Character Gender": "允许更改性别",
  "Clear Mental State": "清除精神状态",
  "Modded Rolls + More Ammo": "更多弹药",

  "Wins / Losses": "胜负比",
  "Race Wins": "胜场",
  "Race Losses": "负场",
  "Team Deathmatch Wins": "团队死斗胜场",
  "Team Deathmatch Losses": "团队死斗负场",
  "Deathmatch Wins": "死斗胜场",
  "Deathmatch Losses": "死斗负场",

  "K/D": "K/D比",
  "Set Player Kills": "击杀数",
  "Set Player Deaths": "死亡数",
  "Set Online Kills": "线上击杀数",
  "Set Online Deaths": "线上死亡数",
  "Set Shots": "击杀次数",
  "Set Headshots": "爆头次数",
  "Set Hits": "命中次数",
  
  "Profile Manager": "配置管理",
  "Creator": "创建",
  "Loader": "加载",
  "Save!": "保存!",
  "Switch session after applying profile to apply rank": "在应用配置之后开启战局以生效",
  "Switch Session": "切换战局",
  "": "",
  "": "",
  "": "",
  "": "",
  "": "",
  "": "",
  "": "",

  "Protections": "防护",
  "Use Desync": "默认取消同步踢",
  "Regulates whether or not Rebound should use desync kicks by default. Desync kicks are known to backfire.": "是否默认使用取消同步踢出\n这个方法对付某些作弊者会适得其反",
  "Use Script Host": "默认脚本主机踢",
  "Regulates whether or not Rebound should attempt forcing script host when kicking players to use the more powerful script host kick.": "在踢出玩家时使用'更强大的'脚本主机踢\n垃圾脚本主机踢 没球用",
  "Notify Attacks": "防护通知",
  "Show notifications whenever you're attacked and your protections are turned on.": "当你受到启用拦截的攻击时提示你",
  "Anti Crash": "崩溃防护",
  "Blocks major crash methods. ": "拦截主要的崩溃方式\nRebound的防护好像也拦不住什么 =-=||",
  "Anti Reports": "屏蔽举报",
  "Blocks reports.": "阻止其他玩家举报你",
  "Safe Place Attacks": "崩溃转移",
  "When crashing others, attack from the safe place, attempt deleting the entities and come back.": "当崩溃其他人时先转移到安全位置\n尝试移除周围实体并返回原地点",
  "Safe Place Bunker": "防崩镜头",
  "Teleports you somewhere safe from objects crashes and lets you crash others without risking a crash yourself.": "将你转移到一个避免物体崩溃的安全地点\n此时崩溃其他玩家就不必冒着自崩的风险",
  "Counter-Attack": "攻击回应",
  "COUNTER-ATTACKS": "攻击回应",

  "Reflect Attack": "反弹攻击",
  "Reflect the same attack back to the sender.": "将相同的事件反弹给事件攻击者",
  "Teleport To Attacker": "传送到他",
  "Teleport to the sender.": "被攻击时传送到攻击者身边",
  "Kick Attacker": "踢出",
  "Kick the attacker.": "被攻击时踢出攻击者",
  "Freeze Attacker": "冻结",
  "Freeze the attacker.": "被攻击时冻结攻击者",
  "Explode Attacker": "爆炸",
  "Explode the attacker.": "被攻击时爆炸攻击者",
  "Crash Attacker": "崩溃",
  "Crash the attacker (not recommended for stability reasons).": "被攻击时崩溃攻击者(不建议)\n易出现稳定问题",

  "Modder Detection": "作弊者反应",
  "Notify": "通知",
  "Get a notification in case a modder is detected in your lobby.": "你检测到作弊者时将通知你",
  "Teleport To Modder": "传送到他",
  "Teleport yourself to the modder as soon as they get detected.": "你检测到作弊者时就传送到他",
  "Desync from Modder": "取消同步",
  "Stops the modder's events/objects from syncing with your game, so that their malicious features will have little effect on you.": "停止你游戏与作弊者的事件/实体同步，这样 他们的恶意功能对你将产生不了太大影响",
  "Kick Modder": "踢出",
  "Kick the modder as soon as it's detected.": "检测到作弊者时踢出他",
  "Freeze Modder": "冻结",
  "Freeze the modder.": "检测到作弊者时冻结他",
  "Explode Modder": "爆炸",
  "Explode the modder.": "检测到作弊者时爆炸他",
  "Crash Modder": "崩溃",
  "Crash the modder as soon as it's detected.": "当一检测到作弊者时崩溃他的游戏(不建议)\n易出现稳定问题",

  "Employee Detection": "员工检测",
  "Rebound will tell you on the map when Rockstar employees join your session.": "若 R 星员工加入战局，Rebound 将通知你",
  "Bail": "掉单",
  "Rebound will bail from online play when Rockstar employees join your session.": "若 R 星员工加入战局，Rebound 将使你离开线上",
  "Rebound will crash the game after a brief cooldown when Rockstar employees join your session.": "若 R 星员工加入战局\nRebound 将在短暂延迟后崩溃你的游戏",

  "Session Management": "战局管理",
  "Join Notifications": "加入通知",
  "Leave Notifications": "离开通知",
  "Session Lock": "锁定战局 [阻止加入]",
  "Session Desync": "取消战局同步 [自闭]",
  "Block RID Joins": "拦截RID加入 [追战局]",
  
  "Network Events": "网络事件",
  "NETWORK EVENTS": "网络事件",
  "Block Kick Votes": "拦截投票踢",
  "If you're the script host and this protection is enabled, no one will be able to vote kick anybody.": "若你为脚本主机并且启用了此选项\n则任何人也不能投票踢出任何人",
  "Block Pickups": "拦截拾取物",
  "Block Lobby Time Changes": "拦截更改时",
  "Block Lobby Weather Changes": "拦截更改天气",
  "Block Freeze": "拦截冻结事件",
  "Block Other Players' Sounds": "拦截噪音发送",
  "Block Control Requests": "拦截控制请求",
  "No one will be able to take control of your vehicles / objects.": "没人能够控制你的载具/人物",
  "Block Wanted Level Alterations": "拦截警星更改",
  "No player will be able to alter your wanted level.": "没人能够修改你的通缉等级",
  "Block Give Weapons": "拦截给予武器",
  "Block Remove Weapons": "拦截移除武器",
  "Block Explosions": "拦截爆炸事件",
  "Block PTFX": "拦截粒子特效",

  "Script Events": "脚本事件",
  "SCRIPT EVENTS": "脚本事件",
  "Block All Script Events": "拦截所有脚本事件",
  "Blocks all script events. ": "拦截所有脚本事件 这会破坏游戏 仅在~r~遭受攻击~s~时启用\n",
  "Game breaking, only enable during ": "",
  "~r~emergencies. ": "",
  "Block Remote Kicks": "拦截远程踢出",
  "Block Gentle Vehicle Kick": "拦截踢出载具",
  "Block Remote Teleports": "拦截远程传送",
  "Block Send to Cutscene": "拦截过场动画",
  "Block Send to Casino": "拦截传送至赌场",
  "Block Send to Cayo Perico": "拦截传送小岛",
  "Block Black Screen": "拦截黑屏事件",
  "Block Sound Spam": "拦截噪音轰炸",
  "Block Transaction Error": "拦截交易错误",
  "Block CEO Ban": "拦截禁用CEO",
  "Block CEO Kick": "拦截踢出CEO",
  "Block Fake Notifications": "拦截虚假通知",
  "Block Force Into Mission": "拦截强制任务",
  "Block Fake Banners": "拦截虚假横幅",
  "Block Face Camera Forward": "拦截控制镜头",
  "Block Never Wanted": "拦截永不通缉",
  "Block Cops Turn Blind Eye": "拦截贿赂当局",
  "Block Off The Radar": "拦截雷达隐匿",
  "Block Fake Insurance": "拦截虚假保险索赔",
  "Block Fake Spectators": "拦截虚假旁观信息",


  "Presence Events": "特殊事件",
  "PRESENCE EVENTS": "特殊事件防护",
  "Presence Force Spectator": "特殊强制观看",
  "Stop people from forcing you into spectator mode.": "阻止玩家强制你观看",  
  "Presence Vehicle Spawning": "拦截载具生成",
  "Stop presence users / rockstar developers from spawning vehicles on you.": "阻止在你位置处生成载具",
  "Presence Kill": "拦截击杀",
  "Stop presence users / rockstar developers from killing you.": "阻止你被击杀",
  "Presence Ragdoll": "拦截布娃娃",
  "Stop presence users / rockstar developers from ragdolling you.": "阻止被布娃娃",
  "Presence Admin Kick": "拦截管理员踢出",
  "Stop presence users / rockstar developers from administratively kicking you.": "阻止管理员踢出",
  "Presence Network Kick": "拦截网络事件踢出",
  "Stop presence users / rockstar developers from network kicking you.": "阻止网络事件踢出",


  "Miscellaneous": "其他",
  "Train Options": "火车选项",
  "Drive Nearby Train": "驾驶附近的火车",
  "Only works if there's a train nearby.": "仅当附近有火车时生效",
  "Spawn Train": "生成火车",

  "Hud Editor": "HUD 编辑",
  "Color": "颜色",
  "Freecam": "自由视角",
  "Freecam Speed": "移动速度",
  "Attack Freecam": "轰炸模式",
  "Press space to fire rockets. ": "按空格键轰炸准星所指处",
  "Teleport to Freecam": "传送到终点",
  "Will teleport you to the location reached by the camera once the freecam is disabled.": "禁用自由镜头时，人物将会传送到终点处",
  "Low Spec Mode": "土豆模式",
  "Reset Graphics": "重置渲染",
  "Snow Trails": "雪地踪迹",
  "See Through Walls": "穿墙透视",
  "Disable Restricted Areas": "禁用区域限制",
  "Mobile Radio": "移动电台",
  "Old Style Camera": "上帝视角",
  "Display FPS": "显示帧数",
  "Display Coords": "显示坐标",
  "Skip Radio Track": "跳过无线电台",
  "Remove Transaction Pending": "移除交易处理通知",
  "Skip Cutscene": "跳过过场动画",
  "Bail to Singleplayer": "退到单人游戏",
  "Exit Game": "退出游戏",

  "Settings": "设置",
  "Mouse Support": "鼠标支持",
  "Reset On Close": "重新呼出菜单时回到主界面",
  "If checked, Rebound will return to the main menu every time it's closed.": "若勾选，Rebound 将会在每次你重新呼出菜单时回到主界面",
  "Base Hotkeys": "基本热键",
  "Rebound will soon feature a fully fledged hotkey manager. In the meantime, these 4 basic hotkeys have been made available for conveniency.\nF6: Teleport to waypoint.\nF7: Teleport to objective\nDELETE: Bail to singleplayer.\nEND: Skip cutscene.": "Rebound 将很快有一个成熟的热键编辑器\n 在此之前，这四个基本的热键已提供给大家\nF6: 传送到导航点\nF7: 传送到目标点\nEND: 跳过过场动画\nDELETE: 退到单人游戏",
  "Configuration": "配置",
  "Save": "保存",
  "Reset": "重置",
  "Refresh": "刷新列表",
  "List": "配置列表",
  "Load": "加载",
  "Replace": "替换",
  "Set Default": "设为默认",

  "Translation": "翻译",
  "Positioning": "位置",
  "Width": "宽度",
  "Move": "移动",
  "PRESS SPACE/Y TO SAVE POSITION": "调整上下左右后按空格键/ Y（手柄）应用",
  "Header": "题头",
  "Gradient": "渐变",
  "Left Color": "左侧颜色",
  "COLOR EDIT": "颜色编辑",
  "Center Color": "中间颜色",
  "Right Color": "右侧颜色",
  "": "",
  "Subheader": "页眉",
  "Text Size": "字体大小",
  "Font": "字体",
  "Background Color": "背景颜色",
  "Text Color": "字体颜色",
  "Options": "选项",
  "Padding X": "字体边距",
  "Right Text Size": "滑块字体大小",
  "Textures Scale": "贴图比例",
  "Hover Color": "悬停颜色",
  "Selected Text Color": "选定字体颜色",
  "Array Index Color": "数组索引颜色",
  "Scroller": "滚动条",
  "Separators": "副标题",
  "Tooltips": "提示栏",
  "Distance": "与菜单间距",
  "Line Height": "行高",
  "Padding": "边距",
  "Text Interline": "字体上下间距",
  "Line Color": "头线颜色",
  "Vehicle Popups": "载具窗口",
  "Border Size": "边框尺寸",
  "Padding Y": "Y 轴边距",

  "Player Info Panel": "玩家信息窗口",
  "PLAYER INFO": "玩家信息",
  "Info Font": "字体",
  "Entry Font Size": "字体大小",
  "Top Outline": "顶部边框",
  "Bottom Outline": "底部边框",
  "Left Outline": "左侧边框",
  "Right Outline": "右侧边框",
  "Outline Color": "边框颜色",
  "Draw Minimap": "绘制小地图",

  "Network Protection": "网络事件防护",
  "Script Protection": "脚本事件防护",
  "Crash Protection": "崩溃防护",

  "Red": "红色",
  "Green": "绿色",
  "Blue": "蓝色",
  "Alpha": "透明度",

  "~r~Yes": "~r~是",
  "~c~None": "~c~无",
  "~c~Unretrievable": "~c~无法获取",
  "~c~Not in a vehicle.": "~c~不在载具内",
  "Armor": "护甲",
  "Heading": "朝向",
  "Modded Model": "修改过的模型",
  "Ammo": "弹药",
  "Zone": "区域",
  "Player ID": "模型 ID",
  "Rank": "等级",
  "Wallet": "现金",
  "Bank": "存款",

  "Manufacturer": "制造商",
  "Top Speed": "最大速度",
  "Price": "价值",
  "Seats": "座位数",
  "Acceleration": "加速度",
  "Handling": "操控性",
  "Braking": "抓地力",


  "MAIN MENU": "主菜单",
  "F6: Teleport to waypoint. ": "F6: 传送到标记点 ",
  "F7: Teleport to objective ": "F7: 传送到目标点 ",
  "END: Skip cutscene. ": "END: 跳过动画 ",
  "DELETE: Bail to singleplayer. ": "DELETE: 掉单 ",
  
  "Scripts": "脚本",
  "ASI Loader": "ASI 脚本",
  "LUA": "LUA 脚本",
  "Stop ALL LUA Scripts": "停止所有Lua脚本",
  "Hotkeys": "热键",
  "Hotkey Configurations": "热键配置",
  "Hotkey Manager": "热键管理",
  "While Menu Is Open": "菜单打开时启用",
  "Reset Hotkeys": "重置热键",
  "Save Current": "保存当前",
  "Configurations": "配置列表",
  "Draw Instructions": "显示说明",
  "Theming": "元素",
  "Enable Theming": "启用自定义",
  "Custom Header": "自定义题头",
  "Custom Subheader": "自定义页眉",
  "Custom Background": "自定义背景",
  "Custom Arrows": "自定义箭头",
  "Custom Footer": "自定义页脚",
  "Custom Toggle ON": "自定义开关 [开]",
  "Custom Toggle OFF": "自定义开关 [关]",
  "Custom Scroller": "自定义滚动条",
  "Footer": "页脚",
  "ESP": "透视选项",
  "ESP Color": "透视颜色",
  "ESP LOS Color": "透视遮挡颜色",
  "Names": "透视名称",
  "Boxes": "透视框",
  "Lines": "透视线",
  "Lines Change Color On LOS": "透视线遮挡变色",
  "Head Marker": "标记头部",
  "Foot Marker": "标记脚部",
  "Info": "透视信息",
  "Skeleton": "透视骨架",
  "Sky Line": "透视天线",
  "Rebound Chinese By JustGargoyle": "v0.1",
  "回弹中文 JustGargoyle制作": "v0.1",
  "在小朴猫软翻译基础上进行大幅修改": "应该看不出原作了哈哈",
  "删作者信息死亲妈": "自己翻成啥屎样，只会盗别人的是吧"
}